PRODUCT,DRAW NUMBER,SEQUENCE NUMBER,DRAW DATE,NUMBER DRAWN 1,NUMBER DRAWN 2,NUMBER DRAWN 3,NUMBER DRAWN 4,NUMBER DRAWN 5,NUMBER DRAWN 6,NUMBER DRAWN 7,BONUS NUMBER
LOTTO MAX,1,0,25/09/2009,5,17,19,25,31,38,46,4
LOTTO MAX,2,0,02/10/2009,8,27,28,29,31,32,35,11
LOTTO MAX,3,0,09/10/2009,5,15,25,38,42,46,47,26
LOTTO MAX,4,0,16/10/2009,4,10,18,20,31,35,44,29
LOTTO MAX,5,0,23/10/2009,4,7,10,12,23,25,36,18
LOTTO MAX,6,0,30/10/2009,6,9,10,14,17,18,19,46
LOTTO MAX,7,0,06/11/2009,2,7,8,11,16,17,18,12
LOTTO MAX,7,1,06/11/2009,1,3,10,24,31,32,42,0
LOTTO MAX,7,2,06/11/2009,9,14,24,35,37,38,40,0
LOTTO MAX,7,3,06/11/2009,24,28,30,32,43,44,47,0
LOTTO MAX,7,4,06/11/2009,2,19,30,38,40,46,47,0
LOTTO MAX,7,5,06/11/2009,6,8,11,21,23,28,48,0
LOTTO MAX,7,6,06/11/2009,7,11,14,16,34,44,46,0
LOTTO MAX,7,7,06/11/2009,10,13,17,18,26,28,40,0
LOTTO MAX,7,8,06/11/2009,1,4,10,21,29,36,40,0
LOTTO MAX,7,9,06/11/2009,6,9,10,24,29,47,49,0
LOTTO MAX,7,10,06/11/2009,2,14,16,18,23,36,44,0
LOTTO MAX,8,0,13/11/2009,8,18,27,28,38,41,48,36
LOTTO MAX,9,0,20/11/2009,2,8,28,30,36,39,42,24
LOTTO MAX,10,0,27/11/2009,11,15,24,26,37,38,43,17
LOTTO MAX,11,0,04/12/2009,1,6,13,19,32,35,40,7
LOTTO MAX,12,0,11/12/2009,1,4,5,7,22,29,48,13
LOTTO MAX,13,0,18/12/2009,8,10,15,17,33,34,35,13
LOTTO MAX,14,0,25/12/2009,8,9,12,13,29,30,31,47
LOTTO MAX,15,0,01/01/2010,7,9,13,18,27,33,44,15
LOTTO MAX,16,0,08/01/2010,8,17,21,23,24,28,39,31
LOTTO MAX,17,0,15/01/2010,12,17,22,30,34,43,49,48
LOTTO MAX,18,0,22/01/2010,17,26,30,32,34,39,41,49
LOTTO MAX,19,0,29/01/2010,16,17,22,24,40,41,47,45
LOTTO MAX,20,0,05/02/2010,10,19,25,29,39,41,42,21
LOTTO MAX,21,0,12/02/2010,9,12,17,23,34,42,47,37
LOTTO MAX,22,0,19/02/2010,4,23,27,32,35,43,47,24
LOTTO MAX,23,0,26/02/2010,2,27,30,32,35,36,38,39
LOTTO MAX,23,1,26/02/2010,12,16,21,33,34,35,43,0
LOTTO MAX,23,2,26/02/2010,9,15,18,19,21,39,49,0
LOTTO MAX,23,3,26/02/2010,14,15,19,22,36,39,46,0
LOTTO MAX,23,4,26/02/2010,3,15,18,26,37,44,49,0
LOTTO MAX,23,5,26/02/2010,7,15,16,19,32,37,47,0
LOTTO MAX,23,6,26/02/2010,8,26,29,35,42,45,47,0
LOTTO MAX,23,7,26/02/2010,3,14,16,17,35,40,44,0
LOTTO MAX,23,8,26/02/2010,6,20,21,22,24,26,35,0
LOTTO MAX,23,9,26/02/2010,1,2,11,16,29,43,47,0
LOTTO MAX,23,10,26/02/2010,14,15,17,18,24,26,39,0
LOTTO MAX,24,0,05/03/2010,5,8,18,22,32,39,45,19
LOTTO MAX,25,0,12/03/2010,17,18,19,21,32,40,49,6
LOTTO MAX,26,0,19/03/2010,1,3,6,34,37,42,45,27
LOTTO MAX,27,0,26/03/2010,3,11,12,16,34,36,37,18
LOTTO MAX,28,0,02/04/2010,4,9,12,15,28,29,43,17
LOTTO MAX,29,0,09/04/2010,11,16,29,30,31,33,42,24
LOTTO MAX,30,0,16/04/2010,6,7,17,20,32,44,49,46
LOTTO MAX,31,0,23/04/2010,8,11,16,21,24,28,41,37
LOTTO MAX,32,0,30/04/2010,1,3,4,5,16,32,33,41
LOTTO MAX,33,0,07/05/2010,3,6,10,14,19,25,33,1
LOTTO MAX,34,0,14/05/2010,7,17,19,23,31,36,41,1
LOTTO MAX,35,0,21/05/2010,14,16,30,35,36,45,49,10
LOTTO MAX,36,0,28/05/2010,11,18,23,24,27,28,39,1
LOTTO MAX,37,0,04/06/2010,3,18,27,30,33,40,45,31
LOTTO MAX,37,1,04/06/2010,4,14,32,35,38,41,42,0
LOTTO MAX,37,2,04/06/2010,5,6,9,23,25,31,46,0
LOTTO MAX,37,3,04/06/2010,7,19,33,38,41,47,48,0
LOTTO MAX,37,4,04/06/2010,12,17,28,32,33,35,45,0
LOTTO MAX,37,5,04/06/2010,4,6,10,12,19,23,32,0
LOTTO MAX,38,0,11/06/2010,2,7,12,25,29,32,35,26
LOTTO MAX,38,1,11/06/2010,3,8,12,14,19,33,37,0
LOTTO MAX,38,2,11/06/2010,8,15,26,29,35,36,44,0
LOTTO MAX,38,3,11/06/2010,2,9,10,12,17,18,39,0
LOTTO MAX,38,4,11/06/2010,6,11,15,28,29,37,45,0
LOTTO MAX,38,5,11/06/2010,7,15,22,23,30,47,48,0
LOTTO MAX,38,6,11/06/2010,3,8,24,31,35,40,42,0
LOTTO MAX,38,7,11/06/2010,4,18,19,30,41,48,49,0
LOTTO MAX,38,8,11/06/2010,3,13,19,40,44,45,46,0
LOTTO MAX,38,9,11/06/2010,2,3,9,22,25,28,31,0
LOTTO MAX,38,10,11/06/2010,4,10,24,28,33,35,41,0
LOTTO MAX,38,11,11/06/2010,7,16,23,25,27,30,35,0
LOTTO MAX,38,12,11/06/2010,3,12,27,36,39,43,45,0
LOTTO MAX,38,13,11/06/2010,2,9,26,27,31,33,49,0
LOTTO MAX,38,14,11/06/2010,9,10,14,21,30,37,49,0
LOTTO MAX,38,15,11/06/2010,4,5,9,12,31,44,46,0
LOTTO MAX,38,16,11/06/2010,9,11,20,21,22,38,42,0
LOTTO MAX,38,17,11/06/2010,19,28,32,34,36,42,47,0
LOTTO MAX,38,18,11/06/2010,2,5,13,28,36,44,45,0
LOTTO MAX,38,19,11/06/2010,7,21,29,33,42,46,48,0
LOTTO MAX,38,20,11/06/2010,1,6,7,22,31,32,33,0
LOTTO MAX,38,21,11/06/2010,7,10,25,36,41,45,49,0
LOTTO MAX,38,22,11/06/2010,6,19,20,25,39,42,48,0
LOTTO MAX,38,23,11/06/2010,3,10,19,23,24,29,46,0
LOTTO MAX,38,24,11/06/2010,9,13,20,24,38,43,49,0
LOTTO MAX,38,25,11/06/2010,1,2,15,31,35,41,48,0
LOTTO MAX,38,26,11/06/2010,7,24,29,32,37,44,48,0
LOTTO MAX,38,27,11/06/2010,7,20,25,28,31,43,47,0
LOTTO MAX,39,0,18/06/2010,5,6,26,29,34,36,43,49
LOTTO MAX,39,1,18/06/2010,3,8,11,19,25,33,43,0
LOTTO MAX,39,2,18/06/2010,13,25,29,38,39,40,49,0
LOTTO MAX,39,3,18/06/2010,4,9,12,23,41,43,49,0
LOTTO MAX,39,4,18/06/2010,1,5,15,26,41,44,47,0
LOTTO MAX,39,5,18/06/2010,8,12,20,24,31,37,45,0
LOTTO MAX,39,6,18/06/2010,14,22,33,35,36,41,47,0
LOTTO MAX,39,7,18/06/2010,2,6,25,30,39,42,45,0
LOTTO MAX,39,8,18/06/2010,9,12,18,21,30,34,45,0
LOTTO MAX,39,9,18/06/2010,1,2,3,5,14,16,25,0
LOTTO MAX,39,10,18/06/2010,10,23,28,29,37,41,47,0
LOTTO MAX,39,11,18/06/2010,3,12,13,19,24,33,38,0
LOTTO MAX,39,12,18/06/2010,7,11,12,14,17,23,38,0
LOTTO MAX,39,13,18/06/2010,3,4,9,10,16,18,41,0
LOTTO MAX,39,14,18/06/2010,3,8,25,27,34,41,43,0
LOTTO MAX,39,15,18/06/2010,1,4,6,8,28,32,36,0
LOTTO MAX,39,16,18/06/2010,3,4,15,21,24,45,48,0
LOTTO MAX,39,17,18/06/2010,3,28,38,42,43,44,48,0
LOTTO MAX,39,18,18/06/2010,3,6,12,17,26,31,43,0
LOTTO MAX,39,19,18/06/2010,16,24,28,36,39,43,49,0
LOTTO MAX,39,20,18/06/2010,2,4,6,15,22,31,46,0
LOTTO MAX,39,21,18/06/2010,1,3,16,18,32,35,45,0
LOTTO MAX,39,22,18/06/2010,5,6,8,14,25,38,40,0
LOTTO MAX,39,23,18/06/2010,10,16,18,19,28,32,47,0
LOTTO MAX,39,24,18/06/2010,4,5,9,17,31,32,46,0
LOTTO MAX,39,25,18/06/2010,2,5,7,12,24,25,43,0
LOTTO MAX,39,26,18/06/2010,11,13,25,26,29,30,41,0
LOTTO MAX,39,27,18/06/2010,5,13,15,17,29,42,45,0
LOTTO MAX,39,28,18/06/2010,5,6,24,26,40,45,49,0
LOTTO MAX,39,29,18/06/2010,9,19,36,40,42,46,48,0
LOTTO MAX,39,30,18/06/2010,8,19,24,25,27,31,45,0
LOTTO MAX,39,31,18/06/2010,1,6,13,17,18,25,29,0
LOTTO MAX,39,32,18/06/2010,18,30,37,39,42,44,48,0
LOTTO MAX,39,33,18/06/2010,8,15,18,21,38,40,49,0
LOTTO MAX,39,34,18/06/2010,15,21,30,32,40,46,48,0
LOTTO MAX,39,35,18/06/2010,6,12,30,42,44,46,49,0
LOTTO MAX,39,36,18/06/2010,4,10,11,21,31,32,41,0
LOTTO MAX,39,37,18/06/2010,2,9,15,20,32,33,49,0
LOTTO MAX,39,38,18/06/2010,4,9,20,21,24,33,42,0
LOTTO MAX,39,39,18/06/2010,2,9,11,17,23,25,35,0
LOTTO MAX,39,40,18/06/2010,14,17,18,29,34,45,46,0
LOTTO MAX,39,41,18/06/2010,2,18,25,27,32,41,43,0
LOTTO MAX,39,42,18/06/2010,5,15,17,21,40,44,45,0
LOTTO MAX,39,43,18/06/2010,10,12,17,39,45,46,49,0
LOTTO MAX,39,44,18/06/2010,7,16,21,28,33,40,41,0
LOTTO MAX,39,45,18/06/2010,2,6,12,22,33,35,45,0
LOTTO MAX,40,0,25/06/2010,5,22,28,31,39,46,48,4
LOTTO MAX,40,1,25/06/2010,15,20,26,35,43,45,47,0
LOTTO MAX,40,2,25/06/2010,2,12,18,21,23,31,37,0
LOTTO MAX,40,3,25/06/2010,5,19,20,33,35,43,49,0
LOTTO MAX,40,4,25/06/2010,26,28,35,38,39,44,49,0
LOTTO MAX,40,5,25/06/2010,18,23,28,35,39,42,44,0
LOTTO MAX,40,6,25/06/2010,26,28,31,32,34,43,44,0
LOTTO MAX,40,7,25/06/2010,13,23,26,28,35,42,45,0
LOTTO MAX,40,8,25/06/2010,12,19,21,33,41,43,44,0
LOTTO MAX,40,9,25/06/2010,1,6,13,14,18,33,42,0
LOTTO MAX,40,10,25/06/2010,2,17,25,27,33,41,43,0
LOTTO MAX,40,11,25/06/2010,10,11,13,23,28,37,44,0
LOTTO MAX,40,12,25/06/2010,3,9,28,31,35,43,49,0
LOTTO MAX,40,13,25/06/2010,5,7,9,11,20,32,46,0
LOTTO MAX,40,14,25/06/2010,6,8,12,37,40,43,47,0
LOTTO MAX,40,15,25/06/2010,3,8,10,18,24,31,43,0
LOTTO MAX,40,16,25/06/2010,2,13,19,29,32,38,48,0
LOTTO MAX,40,17,25/06/2010,4,20,33,37,45,47,49,0
LOTTO MAX,40,18,25/06/2010,10,21,27,34,36,48,49,0
LOTTO MAX,40,19,25/06/2010,4,7,8,18,20,34,39,0
LOTTO MAX,40,20,25/06/2010,4,7,11,16,20,39,44,0
LOTTO MAX,40,21,25/06/2010,11,20,26,38,42,45,48,0
LOTTO MAX,40,22,25/06/2010,2,5,22,27,44,47,49,0
LOTTO MAX,40,23,25/06/2010,14,18,21,23,29,35,47,0
LOTTO MAX,40,24,25/06/2010,9,13,15,29,32,38,40,0
LOTTO MAX,40,25,25/06/2010,6,15,16,18,33,39,46,0
LOTTO MAX,40,26,25/06/2010,7,9,17,20,31,41,45,0
LOTTO MAX,40,27,25/06/2010,6,13,24,27,38,40,45,0
LOTTO MAX,40,28,25/06/2010,1,6,7,10,17,31,33,0
LOTTO MAX,40,29,25/06/2010,4,6,27,29,30,35,49,0
LOTTO MAX,40,30,25/06/2010,4,5,16,20,25,42,49,0
LOTTO MAX,40,31,25/06/2010,3,16,17,26,29,35,44,0
LOTTO MAX,40,32,25/06/2010,19,22,32,34,38,40,43,0
LOTTO MAX,40,33,25/06/2010,3,7,11,40,42,45,47,0
LOTTO MAX,40,34,25/06/2010,4,9,18,28,40,41,46,0
LOTTO MAX,40,35,25/06/2010,2,8,11,22,28,32,42,0
LOTTO MAX,40,36,25/06/2010,10,13,26,31,36,40,45,0
LOTTO MAX,40,37,25/06/2010,2,5,27,32,41,44,48,0
LOTTO MAX,40,38,25/06/2010,2,8,14,20,30,32,38,0
LOTTO MAX,40,39,25/06/2010,7,8,21,22,24,28,49,0
LOTTO MAX,40,40,25/06/2010,3,25,28,29,37,44,49,0
LOTTO MAX,40,41,25/06/2010,6,8,9,20,29,36,41,0
LOTTO MAX,40,42,25/06/2010,4,12,13,32,38,40,47,0
LOTTO MAX,40,43,25/06/2010,12,24,30,34,38,40,43,0
LOTTO MAX,40,44,25/06/2010,3,8,12,17,22,29,34,0
LOTTO MAX,40,45,25/06/2010,7,13,17,18,27,33,44,0
LOTTO MAX,40,46,25/06/2010,11,29,31,41,43,45,46,0
LOTTO MAX,40,47,25/06/2010,7,9,11,15,21,32,38,0
LOTTO MAX,40,48,25/06/2010,5,6,13,29,33,36,44,0
LOTTO MAX,40,49,25/06/2010,4,5,9,14,15,21,38,0
LOTTO MAX,41,0,02/07/2010,9,19,25,26,29,30,44,33
LOTTO MAX,42,0,09/07/2010,9,10,19,24,28,30,31,46
LOTTO MAX,43,0,16/07/2010,10,14,26,34,43,47,48,28
LOTTO MAX,43,1,16/07/2010,1,10,12,13,14,26,33,0
LOTTO MAX,43,2,16/07/2010,2,12,14,16,28,44,48,0
LOTTO MAX,43,3,16/07/2010,1,3,13,28,29,42,45,0
LOTTO MAX,43,4,16/07/2010,4,18,19,24,29,34,42,0
LOTTO MAX,43,5,16/07/2010,1,6,7,19,21,28,43,0
LOTTO MAX,43,6,16/07/2010,4,12,27,30,32,35,47,0
LOTTO MAX,43,7,16/07/2010,10,21,22,28,33,34,36,0
LOTTO MAX,43,8,16/07/2010,1,3,5,6,26,35,39,0
LOTTO MAX,43,9,16/07/2010,1,3,4,19,25,35,46,0
LOTTO MAX,43,10,16/07/2010,2,3,6,32,41,42,48,0
LOTTO MAX,43,11,16/07/2010,14,27,31,37,39,44,46,0
LOTTO MAX,43,12,16/07/2010,7,16,24,26,30,34,40,0
LOTTO MAX,43,13,16/07/2010,14,15,16,20,30,46,47,0
LOTTO MAX,44,0,23/07/2010,17,19,26,29,34,35,38,47
LOTTO MAX,44,1,23/07/2010,13,17,19,21,23,31,33,0
LOTTO MAX,44,2,23/07/2010,12,14,18,19,27,29,36,0
LOTTO MAX,44,3,23/07/2010,6,14,23,29,39,44,49,0
LOTTO MAX,44,4,23/07/2010,4,16,36,37,43,48,49,0
LOTTO MAX,44,5,23/07/2010,7,9,18,20,27,42,43,0
LOTTO MAX,44,6,23/07/2010,18,21,27,31,35,38,44,0
LOTTO MAX,44,7,23/07/2010,3,12,17,30,35,44,46,0
LOTTO MAX,44,8,23/07/2010,1,7,12,16,17,31,49,0
LOTTO MAX,44,9,23/07/2010,2,5,8,14,20,32,49,0
LOTTO MAX,44,10,23/07/2010,4,5,6,23,24,31,45,0
LOTTO MAX,44,11,23/07/2010,6,10,21,29,32,35,47,0
LOTTO MAX,44,12,23/07/2010,9,11,19,28,29,39,47,0
LOTTO MAX,44,13,23/07/2010,8,20,24,27,31,44,46,0
LOTTO MAX,44,14,23/07/2010,3,17,28,35,37,40,46,0
LOTTO MAX,44,15,23/07/2010,6,16,20,24,40,47,48,0
LOTTO MAX,44,16,23/07/2010,8,11,17,23,26,35,36,0
LOTTO MAX,44,17,23/07/2010,4,9,14,20,32,33,38,0
LOTTO MAX,44,18,23/07/2010,6,8,18,23,31,41,42,0
LOTTO MAX,44,19,23/07/2010,5,7,24,31,39,48,49,0
LOTTO MAX,44,20,23/07/2010,20,21,27,31,32,35,44,0
LOTTO MAX,44,21,23/07/2010,2,8,15,31,41,44,46,0
LOTTO MAX,44,22,23/07/2010,11,16,35,37,39,43,46,0
LOTTO MAX,44,23,23/07/2010,6,10,21,22,23,26,45,0
LOTTO MAX,44,24,23/07/2010,4,16,23,31,35,47,48,0
LOTTO MAX,44,25,23/07/2010,2,13,19,22,25,35,38,0
LOTTO MAX,44,26,23/07/2010,6,9,23,24,26,39,49,0
LOTTO MAX,45,0,30/07/2010,5,7,11,40,41,47,48,6
LOTTO MAX,45,1,30/07/2010,10,11,20,36,39,44,49,0
LOTTO MAX,45,2,30/07/2010,1,2,16,27,34,37,46,0
LOTTO MAX,45,3,30/07/2010,8,13,23,28,31,40,47,0
LOTTO MAX,45,4,30/07/2010,3,20,21,30,32,48,49,0
LOTTO MAX,45,5,30/07/2010,13,14,32,34,39,46,47,0
LOTTO MAX,45,6,30/07/2010,13,16,21,22,36,38,43,0
LOTTO MAX,45,7,30/07/2010,15,16,21,27,39,43,46,0
LOTTO MAX,45,8,30/07/2010,5,12,26,29,34,41,49,0
LOTTO MAX,45,9,30/07/2010,8,9,26,27,31,32,47,0
LOTTO MAX,45,10,30/07/2010,12,20,21,23,26,28,41,0
LOTTO MAX,45,11,30/07/2010,4,7,8,9,15,19,23,0
LOTTO MAX,45,12,30/07/2010,10,14,28,32,39,44,45,0
LOTTO MAX,45,13,30/07/2010,4,25,27,30,41,42,48,0
LOTTO MAX,45,14,30/07/2010,9,16,20,35,38,39,47,0
LOTTO MAX,45,15,30/07/2010,10,12,14,26,38,40,48,0
LOTTO MAX,45,16,30/07/2010,9,10,20,26,37,43,49,0
LOTTO MAX,45,17,30/07/2010,3,8,19,21,25,31,48,0
LOTTO MAX,45,18,30/07/2010,1,3,4,24,32,33,37,0
LOTTO MAX,45,19,30/07/2010,13,16,20,25,34,42,45,0
LOTTO MAX,45,20,30/07/2010,8,30,32,35,36,42,45,0
LOTTO MAX,45,21,30/07/2010,1,5,11,16,27,42,47,0
LOTTO MAX,45,22,30/07/2010,2,21,22,25,27,35,37,0
LOTTO MAX,45,23,30/07/2010,19,22,25,27,28,40,47,0
LOTTO MAX,45,24,30/07/2010,12,16,20,22,26,28,29,0
LOTTO MAX,45,25,30/07/2010,3,7,8,9,43,45,49,0
LOTTO MAX,45,26,30/07/2010,16,26,29,39,41,44,46,0
LOTTO MAX,45,27,30/07/2010,6,21,22,25,36,37,47,0
LOTTO MAX,45,28,30/07/2010,20,23,24,31,36,40,46,0
LOTTO MAX,46,0,06/08/2010,1,5,6,32,36,38,44,29
LOTTO MAX,46,1,06/08/2010,7,13,21,25,28,31,47,0
LOTTO MAX,46,2,06/08/2010,2,4,12,27,29,30,36,0
LOTTO MAX,46,3,06/08/2010,8,16,38,39,40,43,49,0
LOTTO MAX,46,4,06/08/2010,6,12,15,21,23,42,48,0
LOTTO MAX,46,5,06/08/2010,3,11,21,32,38,41,49,0
LOTTO MAX,46,6,06/08/2010,15,23,33,35,37,42,45,0
LOTTO MAX,46,7,06/08/2010,3,9,14,18,26,31,49,0
LOTTO MAX,46,8,06/08/2010,4,6,10,13,24,28,44,0
LOTTO MAX,46,9,06/08/2010,7,8,17,21,26,34,44,0
LOTTO MAX,46,10,06/08/2010,4,8,9,10,12,20,34,0
LOTTO MAX,46,11,06/08/2010,6,7,10,17,24,33,45,0
LOTTO MAX,46,12,06/08/2010,6,11,17,21,32,37,39,0
LOTTO MAX,46,13,06/08/2010,8,16,21,23,35,38,44,0
LOTTO MAX,46,14,06/08/2010,3,8,21,28,32,34,48,0
LOTTO MAX,46,15,06/08/2010,9,12,16,19,21,23,45,0
LOTTO MAX,46,16,06/08/2010,3,15,16,18,19,29,35,0
LOTTO MAX,46,17,06/08/2010,1,5,10,18,27,34,45,0
LOTTO MAX,46,18,06/08/2010,1,11,16,33,42,44,49,0
LOTTO MAX,46,19,06/08/2010,4,13,25,45,46,47,48,0
LOTTO MAX,46,20,06/08/2010,9,13,18,24,28,31,44,0
LOTTO MAX,46,21,06/08/2010,6,14,27,30,36,40,49,0
LOTTO MAX,46,22,06/08/2010,3,24,34,38,40,42,48,0
LOTTO MAX,46,23,06/08/2010,9,15,21,27,36,41,49,0
LOTTO MAX,46,24,06/08/2010,15,18,23,39,40,46,48,0
LOTTO MAX,46,25,06/08/2010,6,23,26,30,34,36,41,0
LOTTO MAX,46,26,06/08/2010,1,8,11,19,20,25,28,0
LOTTO MAX,46,27,06/08/2010,6,15,16,19,21,29,42,0
LOTTO MAX,46,28,06/08/2010,16,19,35,40,42,45,48,0
LOTTO MAX,46,29,06/08/2010,8,15,22,29,31,34,48,0
LOTTO MAX,46,30,06/08/2010,9,20,23,24,34,38,44,0
LOTTO MAX,46,31,06/08/2010,5,18,29,33,41,45,49,0
LOTTO MAX,46,32,06/08/2010,1,6,9,15,31,32,40,0
LOTTO MAX,47,0,13/08/2010,19,25,27,29,30,36,46,15
LOTTO MAX,47,1,13/08/2010,2,12,15,26,27,37,44,0
LOTTO MAX,47,2,13/08/2010,1,4,10,13,17,19,33,0
LOTTO MAX,47,3,13/08/2010,2,8,19,20,26,32,47,0
LOTTO MAX,47,4,13/08/2010,1,5,10,15,21,27,42,0
LOTTO MAX,47,5,13/08/2010,1,3,6,19,20,31,39,0
LOTTO MAX,47,6,13/08/2010,1,8,14,17,32,35,47,0
LOTTO MAX,47,7,13/08/2010,2,10,16,22,25,29,38,0
LOTTO MAX,47,8,13/08/2010,6,17,18,25,26,32,40,0
LOTTO MAX,47,9,13/08/2010,19,21,29,30,35,46,49,0
LOTTO MAX,47,10,13/08/2010,7,8,13,17,23,35,45,0
LOTTO MAX,47,11,13/08/2010,4,9,15,26,27,41,43,0
LOTTO MAX,47,12,13/08/2010,7,11,14,20,21,36,38,0
LOTTO MAX,47,13,13/08/2010,7,14,18,22,29,34,48,0
LOTTO MAX,47,14,13/08/2010,3,9,10,16,23,32,36,0
LOTTO MAX,47,15,13/08/2010,3,7,12,14,22,30,33,0
LOTTO MAX,47,16,13/08/2010,7,25,26,42,44,46,47,0
LOTTO MAX,47,17,13/08/2010,12,20,25,29,32,38,49,0
LOTTO MAX,47,18,13/08/2010,7,14,28,34,37,38,42,0
LOTTO MAX,47,19,13/08/2010,5,15,16,23,29,32,44,0
LOTTO MAX,47,20,13/08/2010,10,15,17,31,32,38,39,0
LOTTO MAX,47,21,13/08/2010,4,6,10,20,26,42,45,0
LOTTO MAX,47,22,13/08/2010,3,5,8,13,14,23,29,0
LOTTO MAX,47,23,13/08/2010,13,14,20,22,27,28,33,0
LOTTO MAX,47,24,13/08/2010,5,17,21,23,24,42,46,0
LOTTO MAX,47,25,13/08/2010,12,21,23,28,30,36,46,0
LOTTO MAX,47,26,13/08/2010,5,12,18,26,34,38,43,0
LOTTO MAX,47,27,13/08/2010,3,4,13,15,25,38,43,0
LOTTO MAX,47,28,13/08/2010,7,10,24,25,26,34,42,0
LOTTO MAX,47,29,13/08/2010,4,12,13,23,25,44,47,0
LOTTO MAX,47,30,13/08/2010,6,17,18,27,31,39,40,0
LOTTO MAX,47,31,13/08/2010,1,11,20,25,33,36,49,0
LOTTO MAX,47,32,13/08/2010,6,23,24,29,41,43,47,0
LOTTO MAX,47,33,13/08/2010,4,9,23,25,27,42,44,0
LOTTO MAX,47,34,13/08/2010,5,8,18,26,36,38,43,0
LOTTO MAX,47,35,13/08/2010,2,5,8,12,23,40,46,0
LOTTO MAX,47,36,13/08/2010,9,10,19,21,26,44,49,0
LOTTO MAX,47,37,13/08/2010,9,20,24,29,37,42,47,0
LOTTO MAX,47,38,13/08/2010,21,30,31,33,40,42,46,0
LOTTO MAX,47,39,13/08/2010,5,13,23,28,29,33,39,0
LOTTO MAX,47,40,13/08/2010,3,8,17,21,24,31,39,0
LOTTO MAX,48,0,20/08/2010,4,5,7,8,18,30,35,39
LOTTO MAX,49,0,27/08/2010,3,14,26,27,29,32,34,1
LOTTO MAX,50,0,03/09/2010,12,17,27,28,31,36,48,37
LOTTO MAX,51,0,10/09/2010,4,17,27,32,34,39,47,13
LOTTO MAX,52,0,17/09/2010,2,5,6,43,46,47,48,39
LOTTO MAX,53,0,24/09/2010,9,22,25,30,31,39,42,19
LOTTO MAX,54,0,01/10/2010,10,12,13,25,28,29,41,39
LOTTO MAX,55,0,08/10/2010,3,4,5,8,13,22,33,32
LOTTO MAX,56,0,15/10/2010,3,14,17,25,30,33,39,7
LOTTO MAX,57,0,22/10/2010,12,15,19,20,28,29,39,14
LOTTO MAX,58,0,29/10/2010,2,6,21,26,28,33,47,11
LOTTO MAX,58,1,29/10/2010,5,7,9,24,36,40,42,0
LOTTO MAX,58,2,29/10/2010,4,9,13,14,23,34,36,0
LOTTO MAX,58,3,29/10/2010,2,18,37,39,43,44,46,0
LOTTO MAX,58,4,29/10/2010,5,7,11,12,16,21,31,0
LOTTO MAX,58,5,29/10/2010,3,13,30,31,33,36,41,0
LOTTO MAX,58,6,29/10/2010,6,11,16,25,30,35,46,0
LOTTO MAX,58,7,29/10/2010,6,12,17,20,23,24,30,0
LOTTO MAX,58,8,29/10/2010,13,26,36,37,41,46,47,0
LOTTO MAX,58,9,29/10/2010,1,4,8,16,24,38,45,0
LOTTO MAX,59,0,05/11/2010,7,10,24,30,35,36,39,3
LOTTO MAX,60,0,12/11/2010,13,15,17,18,19,47,49,38
LOTTO MAX,61,0,19/11/2010,4,13,25,29,36,40,48,24
LOTTO MAX,62,0,26/11/2010,12,21,23,27,28,29,37,9
LOTTO MAX,63,0,03/12/2010,1,10,13,26,43,46,49,31
LOTTO MAX,64,0,10/12/2010,7,9,12,20,28,38,44,10
LOTTO MAX,65,0,17/12/2010,1,16,28,29,33,37,47,24
LOTTO MAX,66,0,24/12/2010,8,23,25,26,33,41,43,21
LOTTO MAX,66,1,24/12/2010,4,22,27,28,39,43,47,0
LOTTO MAX,66,2,24/12/2010,1,3,6,9,15,16,49,0
LOTTO MAX,66,3,24/12/2010,2,8,23,32,35,38,45,0
LOTTO MAX,66,4,24/12/2010,4,5,8,9,12,19,25,0
LOTTO MAX,66,5,24/12/2010,1,16,21,33,34,40,45,0
LOTTO MAX,66,6,24/12/2010,4,14,22,35,42,46,49,0
LOTTO MAX,66,7,24/12/2010,10,13,17,18,19,22,35,0
LOTTO MAX,66,8,24/12/2010,6,9,16,31,34,37,46,0
LOTTO MAX,66,9,24/12/2010,1,25,31,32,38,48,49,0
LOTTO MAX,66,10,24/12/2010,5,13,17,21,38,40,42,0
LOTTO MAX,67,0,31/12/2010,2,7,10,22,32,34,38,1
LOTTO MAX,67,1,31/12/2010,11,15,22,25,27,37,49,0
LOTTO MAX,67,2,31/12/2010,9,15,21,30,33,36,41,0
LOTTO MAX,67,3,31/12/2010,1,9,20,27,28,41,44,0
LOTTO MAX,67,4,31/12/2010,1,2,12,20,35,43,47,0
LOTTO MAX,67,5,31/12/2010,8,11,17,18,28,45,47,0
LOTTO MAX,67,6,31/12/2010,1,6,19,21,28,30,40,0
LOTTO MAX,67,7,31/12/2010,3,5,8,17,28,42,44,0
LOTTO MAX,67,8,31/12/2010,2,18,21,32,37,38,40,0
LOTTO MAX,67,9,31/12/2010,8,9,20,28,36,42,44,0
LOTTO MAX,67,10,31/12/2010,11,14,15,18,19,34,39,0
LOTTO MAX,67,11,31/12/2010,3,10,28,29,36,43,45,0
LOTTO MAX,67,12,31/12/2010,5,12,19,27,34,35,40,0
LOTTO MAX,67,13,31/12/2010,8,26,27,30,34,47,48,0
LOTTO MAX,67,14,31/12/2010,1,2,4,15,30,42,47,0
LOTTO MAX,67,15,31/12/2010,1,6,12,13,19,21,41,0
LOTTO MAX,67,16,31/12/2010,2,6,13,14,20,48,49,0
LOTTO MAX,67,17,31/12/2010,9,15,20,22,23,27,31,0
LOTTO MAX,67,18,31/12/2010,9,12,17,18,27,29,44,0
LOTTO MAX,67,19,31/12/2010,22,28,37,40,41,42,43,0
LOTTO MAX,67,20,31/12/2010,9,12,14,22,36,39,45,0
LOTTO MAX,67,21,31/12/2010,1,8,17,20,22,38,40,0
LOTTO MAX,68,0,07/01/2011,2,10,13,15,23,28,49,40
LOTTO MAX,69,0,14/01/2011,2,6,10,12,24,30,37,3
LOTTO MAX,70,0,21/01/2011,2,18,19,29,42,47,49,17
LOTTO MAX,71,0,28/01/2011,7,10,14,20,21,23,31,41
LOTTO MAX,71,1,28/01/2011,5,8,9,18,39,44,49,0
LOTTO MAX,71,2,28/01/2011,12,27,29,32,37,42,43,0
LOTTO MAX,71,3,28/01/2011,6,18,25,26,29,36,42,0
LOTTO MAX,71,4,28/01/2011,20,21,22,26,28,44,48,0
LOTTO MAX,71,5,28/01/2011,11,20,33,39,40,41,46,0
LOTTO MAX,71,6,28/01/2011,2,12,17,19,24,27,32,0
LOTTO MAX,71,7,28/01/2011,16,18,20,23,31,32,37,0
LOTTO MAX,71,8,28/01/2011,1,16,31,34,39,42,46,0
LOTTO MAX,71,9,28/01/2011,20,21,23,28,32,34,48,0
LOTTO MAX,71,10,28/01/2011,10,13,15,21,38,44,48,0
LOTTO MAX,71,11,28/01/2011,8,18,20,24,40,42,44,0
LOTTO MAX,71,12,28/01/2011,13,15,29,34,40,41,42,0
LOTTO MAX,71,13,28/01/2011,6,7,25,26,32,33,47,0
LOTTO MAX,72,0,04/02/2011,1,3,13,18,19,39,48,40
LOTTO MAX,73,0,11/02/2011,4,6,13,19,26,29,47,43
LOTTO MAX,74,0,18/02/2011,3,7,12,16,20,42,48,31
LOTTO MAX,75,0,25/02/2011,3,14,19,30,32,39,46,8
LOTTO MAX,75,1,25/02/2011,2,13,23,37,45,47,48,0
LOTTO MAX,75,2,25/02/2011,6,9,16,17,19,31,42,0
LOTTO MAX,75,3,25/02/2011,2,12,31,34,45,48,49,0
LOTTO MAX,75,4,25/02/2011,2,5,10,19,22,42,45,0
LOTTO MAX,75,5,25/02/2011,2,9,11,13,29,39,44,0
LOTTO MAX,75,6,25/02/2011,5,10,19,28,37,39,43,0
LOTTO MAX,75,7,25/02/2011,5,6,16,27,31,36,48,0
LOTTO MAX,76,0,04/03/2011,3,18,27,29,32,33,35,47
LOTTO MAX,76,1,04/03/2011,4,10,25,36,37,41,42,0
LOTTO MAX,76,2,04/03/2011,1,9,13,14,18,20,24,0
LOTTO MAX,76,3,04/03/2011,1,2,8,10,13,18,44,0
LOTTO MAX,76,4,04/03/2011,5,6,12,20,32,35,36,0
LOTTO MAX,76,5,04/03/2011,2,8,17,26,35,38,48,0
LOTTO MAX,76,6,04/03/2011,6,7,9,16,18,26,28,0
LOTTO MAX,76,7,04/03/2011,1,12,13,15,17,27,29,0
LOTTO MAX,76,8,04/03/2011,2,16,31,39,42,46,48,0
LOTTO MAX,76,9,04/03/2011,7,12,19,21,24,26,38,0
LOTTO MAX,76,10,04/03/2011,7,16,25,28,30,32,48,0
LOTTO MAX,76,11,04/03/2011,2,10,11,12,19,20,37,0
LOTTO MAX,76,12,04/03/2011,5,10,18,25,32,38,40,0
LOTTO MAX,76,13,04/03/2011,12,14,17,24,25,32,47,0
LOTTO MAX,76,14,04/03/2011,9,12,24,37,40,45,47,0
LOTTO MAX,76,15,04/03/2011,4,9,14,32,34,37,48,0
LOTTO MAX,76,16,04/03/2011,2,20,26,38,42,43,46,0
LOTTO MAX,76,17,04/03/2011,17,21,24,26,30,43,49,0
LOTTO MAX,76,18,04/03/2011,1,7,8,25,26,28,31,0
LOTTO MAX,76,19,04/03/2011,3,7,18,25,28,36,46,0
LOTTO MAX,76,20,04/03/2011,1,4,8,14,19,45,48,0
LOTTO MAX,76,21,04/03/2011,8,25,40,41,42,45,46,0
LOTTO MAX,76,22,04/03/2011,12,13,15,20,22,34,47,0
LOTTO MAX,77,0,11/03/2011,2,3,4,20,22,40,43,9
LOTTO MAX,77,1,11/03/2011,2,11,21,28,32,33,38,0
LOTTO MAX,77,2,11/03/2011,4,7,9,13,19,37,47,0
LOTTO MAX,77,3,11/03/2011,10,15,17,29,35,44,46,0
LOTTO MAX,77,4,11/03/2011,2,9,10,13,14,27,41,0
LOTTO MAX,77,5,11/03/2011,2,3,6,12,15,19,36,0
LOTTO MAX,77,6,11/03/2011,3,5,9,14,27,33,46,0
LOTTO MAX,77,7,11/03/2011,7,16,17,21,27,32,40,0
LOTTO MAX,77,8,11/03/2011,4,6,16,27,30,40,42,0
LOTTO MAX,77,9,11/03/2011,6,27,30,33,37,41,47,0
LOTTO MAX,77,10,11/03/2011,1,2,4,20,39,48,49,0
LOTTO MAX,77,11,11/03/2011,13,15,17,22,24,26,43,0
LOTTO MAX,77,12,11/03/2011,3,6,9,12,14,21,36,0
LOTTO MAX,77,13,11/03/2011,7,8,24,30,34,45,48,0
LOTTO MAX,77,14,11/03/2011,7,16,22,24,35,41,47,0
LOTTO MAX,77,15,11/03/2011,20,30,37,40,41,43,45,0
LOTTO MAX,77,16,11/03/2011,4,8,22,27,39,41,46,0
LOTTO MAX,77,17,11/03/2011,2,5,9,23,26,29,31,0
LOTTO MAX,77,18,11/03/2011,22,24,26,38,41,43,44,0
LOTTO MAX,77,19,11/03/2011,4,12,21,24,26,44,48,0
LOTTO MAX,77,20,11/03/2011,17,18,27,30,34,41,45,0
LOTTO MAX,77,21,11/03/2011,6,12,15,16,20,29,31,0
LOTTO MAX,77,22,11/03/2011,14,15,18,29,33,34,47,0
LOTTO MAX,77,23,11/03/2011,11,17,25,37,39,45,46,0
LOTTO MAX,77,24,11/03/2011,17,22,27,28,29,31,38,0
LOTTO MAX,77,25,11/03/2011,3,5,19,25,32,41,48,0
LOTTO MAX,77,26,11/03/2011,1,5,12,17,18,22,47,0
LOTTO MAX,77,27,11/03/2011,3,15,17,18,27,43,49,0
LOTTO MAX,77,28,11/03/2011,9,12,13,22,27,37,47,0
LOTTO MAX,77,29,11/03/2011,18,19,27,28,33,37,43,0
LOTTO MAX,77,30,11/03/2011,8,13,26,35,44,45,47,0
LOTTO MAX,77,31,11/03/2011,5,12,20,27,31,42,49,0
LOTTO MAX,77,32,11/03/2011,3,4,18,25,34,35,36,0
LOTTO MAX,78,0,18/03/2011,2,5,10,21,25,35,49,40
LOTTO MAX,79,0,25/03/2011,1,4,22,25,26,36,46,5
LOTTO MAX,80,0,01/04/2011,5,6,11,12,24,26,34,49
LOTTO MAX,80,1,01/04/2011,7,9,10,18,19,21,29,0
LOTTO MAX,80,2,01/04/2011,4,28,31,32,33,34,49,0
LOTTO MAX,80,3,01/04/2011,6,7,8,18,22,40,41,0
LOTTO MAX,80,4,01/04/2011,5,8,14,19,22,38,41,0
LOTTO MAX,80,5,01/04/2011,1,8,10,17,31,37,43,0
LOTTO MAX,80,6,01/04/2011,16,22,31,32,37,42,45,0
LOTTO MAX,80,7,01/04/2011,20,24,25,27,31,36,44,0
LOTTO MAX,80,8,01/04/2011,10,17,20,21,36,44,46,0
LOTTO MAX,80,9,01/04/2011,5,6,10,11,17,27,45,0
LOTTO MAX,81,0,08/04/2011,13,18,25,41,44,48,49,1
LOTTO MAX,81,1,08/04/2011,3,4,7,17,30,32,38,0
LOTTO MAX,81,2,08/04/2011,4,8,32,39,42,45,49,0
LOTTO MAX,81,3,08/04/2011,2,11,17,24,37,41,46,0
LOTTO MAX,81,4,08/04/2011,2,8,22,29,33,34,35,0
LOTTO MAX,81,5,08/04/2011,8,16,18,25,33,34,48,0
LOTTO MAX,81,6,08/04/2011,4,6,14,31,33,35,48,0
LOTTO MAX,81,7,08/04/2011,9,10,14,25,29,35,46,0
LOTTO MAX,81,8,08/04/2011,8,11,17,19,37,43,45,0
LOTTO MAX,81,9,08/04/2011,5,17,20,21,26,30,45,0
LOTTO MAX,81,10,08/04/2011,10,11,25,41,42,45,46,0
LOTTO MAX,81,11,08/04/2011,14,25,27,35,36,40,43,0
LOTTO MAX,81,12,08/04/2011,7,8,23,29,33,36,39,0
LOTTO MAX,81,13,08/04/2011,2,5,8,11,38,41,45,0
LOTTO MAX,81,14,08/04/2011,5,9,19,22,25,26,41,0
LOTTO MAX,81,15,08/04/2011,2,5,7,10,22,26,28,0
LOTTO MAX,81,16,08/04/2011,2,9,13,28,31,41,46,0
LOTTO MAX,81,17,08/04/2011,3,5,27,32,42,46,48,0
LOTTO MAX,81,18,08/04/2011,2,3,6,7,11,25,29,0
LOTTO MAX,81,19,08/04/2011,7,12,21,22,45,48,49,0
LOTTO MAX,81,20,08/04/2011,6,12,15,23,29,36,37,0
LOTTO MAX,81,21,08/04/2011,1,8,18,24,27,41,45,0
LOTTO MAX,81,22,08/04/2011,5,20,26,33,42,44,48,0
LOTTO MAX,81,23,08/04/2011,1,2,6,37,44,45,49,0
LOTTO MAX,81,24,08/04/2011,7,14,20,23,29,30,42,0
LOTTO MAX,82,0,15/04/2011,3,12,14,15,25,32,49,37
LOTTO MAX,82,1,15/04/2011,7,10,11,21,33,37,43,0
LOTTO MAX,82,2,15/04/2011,7,8,16,31,34,38,48,0
LOTTO MAX,82,3,15/04/2011,2,17,27,34,42,45,47,0
LOTTO MAX,82,4,15/04/2011,5,12,13,24,33,46,48,0
LOTTO MAX,82,5,15/04/2011,9,10,15,21,22,34,38,0
LOTTO MAX,82,6,15/04/2011,1,5,11,21,22,32,36,0
LOTTO MAX,82,7,15/04/2011,14,22,23,27,36,37,44,0
LOTTO MAX,82,8,15/04/2011,1,8,14,15,22,28,43,0
LOTTO MAX,82,9,15/04/2011,6,13,18,22,25,27,31,0
LOTTO MAX,82,10,15/04/2011,1,8,13,16,21,29,30,0
LOTTO MAX,82,11,15/04/2011,2,18,24,26,41,47,49,0
LOTTO MAX,82,12,15/04/2011,6,16,18,21,22,29,46,0
LOTTO MAX,82,13,15/04/2011,10,14,30,31,34,42,47,0
LOTTO MAX,82,14,15/04/2011,3,9,12,18,36,39,41,0
LOTTO MAX,82,15,15/04/2011,12,13,28,37,39,46,47,0
LOTTO MAX,82,16,15/04/2011,9,12,13,24,35,41,46,0
LOTTO MAX,82,17,15/04/2011,4,9,20,24,26,33,46,0
LOTTO MAX,82,18,15/04/2011,1,4,16,31,43,48,49,0
LOTTO MAX,82,19,15/04/2011,4,10,19,21,23,25,46,0
LOTTO MAX,82,20,15/04/2011,1,4,15,25,38,41,47,0
LOTTO MAX,82,21,15/04/2011,3,15,24,31,34,42,47,0
LOTTO MAX,82,22,15/04/2011,1,2,6,29,32,37,39,0
LOTTO MAX,82,23,15/04/2011,18,24,28,31,32,44,45,0
LOTTO MAX,82,24,15/04/2011,8,9,10,11,28,35,45,0
LOTTO MAX,82,25,15/04/2011,1,7,16,25,30,33,40,0
LOTTO MAX,82,26,15/04/2011,5,6,20,22,26,30,37,0
LOTTO MAX,82,27,15/04/2011,10,19,20,21,23,27,48,0
LOTTO MAX,82,28,15/04/2011,5,10,21,27,34,40,47,0
LOTTO MAX,82,29,15/04/2011,3,7,16,19,23,37,45,0
LOTTO MAX,82,30,15/04/2011,1,24,28,34,45,47,49,0
LOTTO MAX,82,31,15/04/2011,17,19,26,28,32,41,43,0
LOTTO MAX,82,32,15/04/2011,3,6,15,27,45,47,48,0
LOTTO MAX,82,33,15/04/2011,9,12,26,35,36,37,48,0
LOTTO MAX,82,34,15/04/2011,7,14,18,29,39,42,48,0
LOTTO MAX,82,35,15/04/2011,3,23,29,31,33,36,38,0
LOTTO MAX,82,36,15/04/2011,5,15,25,33,40,44,49,0
LOTTO MAX,82,37,15/04/2011,10,22,25,27,31,43,45,0
LOTTO MAX,82,38,15/04/2011,10,16,23,26,27,36,41,0
LOTTO MAX,82,39,15/04/2011,9,10,17,18,23,28,31,0
LOTTO MAX,82,40,15/04/2011,4,7,14,16,17,31,42,0
LOTTO MAX,83,0,22/04/2011,7,19,34,35,38,42,46,11
LOTTO MAX,84,0,29/04/2011,1,13,20,24,39,45,47,25
LOTTO MAX,85,0,06/05/2011,6,19,24,25,26,35,36,23
LOTTO MAX,86,0,13/05/2011,7,8,14,32,38,42,44,30
LOTTO MAX,87,0,20/05/2011,7,12,14,18,30,45,47,20
LOTTO MAX,88,0,27/05/2011,5,9,19,20,21,28,30,36
LOTTO MAX,89,0,03/06/2011,8,21,28,32,33,34,48,38
LOTTO MAX,90,0,10/06/2011,8,11,12,25,28,30,33,16
LOTTO MAX,91,0,17/06/2011,2,7,14,16,22,27,47,25
LOTTO MAX,92,0,24/06/2011,2,9,10,15,29,44,48,22
LOTTO MAX,93,0,01/07/2011,15,18,20,28,29,40,47,38
LOTTO MAX,94,0,08/07/2011,17,22,28,38,41,43,45,5
LOTTO MAX,95,0,15/07/2011,3,7,8,12,18,24,41,1
LOTTO MAX,96,0,22/07/2011,4,13,23,28,32,40,42,12
LOTTO MAX,97,0,29/07/2011,1,2,3,17,24,35,36,30
LOTTO MAX,98,0,05/08/2011,11,17,18,20,22,29,45,27
LOTTO MAX,99,0,12/08/2011,4,15,21,30,33,35,47,28
LOTTO MAX,100,0,19/08/2011,4,14,24,41,43,46,49,1
LOTTO MAX,101,0,26/08/2011,6,11,12,14,35,43,44,42
LOTTO MAX,102,0,02/09/2011,2,3,8,13,18,20,23,10
LOTTO MAX,103,0,09/09/2011,6,8,15,20,30,32,42,17
LOTTO MAX,104,0,16/09/2011,12,18,22,24,28,43,49,21
LOTTO MAX,105,0,23/09/2011,8,16,24,27,30,38,40,18
LOTTO MAX,106,0,30/09/2011,5,6,7,12,14,18,25,38
LOTTO MAX,107,0,07/10/2011,12,13,24,25,26,41,43,7
LOTTO MAX,107,1,07/10/2011,7,20,22,25,41,45,46,0
LOTTO MAX,107,2,07/10/2011,9,12,15,22,23,33,41,0
LOTTO MAX,108,0,14/10/2011,1,3,7,19,31,39,49,17
LOTTO MAX,109,0,21/10/2011,6,23,27,30,34,38,45,21
LOTTO MAX,110,0,28/10/2011,2,4,18,20,29,38,41,9
LOTTO MAX,111,0,04/11/2011,5,8,13,15,27,28,37,39
LOTTO MAX,112,0,11/11/2011,5,7,9,25,31,37,39,22
LOTTO MAX,112,1,11/11/2011,2,3,25,29,32,33,35,0
LOTTO MAX,112,2,11/11/2011,7,17,19,21,34,42,48,0
LOTTO MAX,113,0,18/11/2011,8,17,27,28,39,44,49,24
LOTTO MAX,113,1,18/11/2011,11,14,18,24,28,35,41,0
LOTTO MAX,113,2,18/11/2011,19,23,28,30,39,41,42,0
LOTTO MAX,113,3,18/11/2011,4,7,21,33,37,40,47,0
LOTTO MAX,113,4,18/11/2011,11,17,19,25,32,43,45,0
LOTTO MAX,113,5,18/11/2011,7,10,11,20,31,35,41,0
LOTTO MAX,113,6,18/11/2011,2,7,12,17,25,36,42,0
LOTTO MAX,113,7,18/11/2011,1,9,18,21,39,42,48,0
LOTTO MAX,113,8,18/11/2011,10,19,29,31,38,47,48,0
LOTTO MAX,113,9,18/11/2011,7,14,23,33,35,38,41,0
LOTTO MAX,113,10,18/11/2011,1,3,6,11,26,36,43,0
LOTTO MAX,113,11,18/11/2011,1,7,8,9,10,15,26,0
LOTTO MAX,113,12,18/11/2011,1,4,8,17,19,29,32,0
LOTTO MAX,113,13,18/11/2011,11,20,35,38,39,44,49,0
LOTTO MAX,113,14,18/11/2011,1,9,12,30,40,45,48,0
LOTTO MAX,113,15,18/11/2011,2,3,11,20,23,25,29,0
LOTTO MAX,113,16,18/11/2011,8,12,13,25,42,43,49,0
LOTTO MAX,113,17,18/11/2011,20,22,28,31,36,40,44,0
LOTTO MAX,114,0,25/11/2011,8,10,15,24,30,35,49,23
LOTTO MAX,115,0,02/12/2011,23,29,33,34,39,44,48,32
LOTTO MAX,116,0,09/12/2011,3,11,18,19,23,27,44,46
LOTTO MAX,117,0,16/12/2011,11,24,26,31,42,44,46,22
LOTTO MAX,118,0,23/12/2011,3,4,9,25,26,37,39,45
LOTTO MAX,118,1,23/12/2011,13,19,21,32,41,42,48,0
LOTTO MAX,118,2,23/12/2011,9,12,30,35,42,45,48,0
LOTTO MAX,119,0,30/12/2011,2,13,22,28,35,41,42,4
LOTTO MAX,119,1,30/12/2011,2,23,29,32,39,40,42,0
LOTTO MAX,119,2,30/12/2011,12,22,24,29,32,47,48,0
LOTTO MAX,119,3,30/12/2011,2,3,4,20,23,35,44,0
LOTTO MAX,119,4,30/12/2011,1,10,15,20,24,30,41,0
LOTTO MAX,119,5,30/12/2011,16,20,31,42,46,48,49,0
LOTTO MAX,119,6,30/12/2011,12,18,27,30,33,43,44,0
LOTTO MAX,119,7,30/12/2011,7,10,11,15,37,38,43,0
LOTTO MAX,119,8,30/12/2011,15,16,18,19,28,38,49,0
LOTTO MAX,119,9,30/12/2011,4,9,32,44,46,47,48,0
LOTTO MAX,119,10,30/12/2011,5,6,26,28,36,39,41,0
LOTTO MAX,120,0,06/01/2012,1,2,8,13,22,45,46,48
LOTTO MAX,121,0,13/01/2012,6,15,18,26,41,46,48,27
LOTTO MAX,122,0,20/01/2012,9,15,21,23,41,43,44,46
LOTTO MAX,123,0,27/01/2012,8,24,28,34,37,43,45,21
LOTTO MAX,123,1,27/01/2012,20,21,22,25,27,28,33,0
LOTTO MAX,123,2,27/01/2012,2,6,9,21,34,37,43,0
LOTTO MAX,124,0,03/02/2012,2,8,12,14,33,37,47,46
LOTTO MAX,124,1,03/02/2012,9,10,13,22,28,40,45,0
LOTTO MAX,124,2,03/02/2012,11,18,23,36,45,46,48,0
LOTTO MAX,124,3,03/02/2012,4,7,16,32,43,46,48,0
LOTTO MAX,124,4,03/02/2012,12,24,32,37,43,44,46,0
LOTTO MAX,124,5,03/02/2012,5,21,25,26,35,38,42,0
LOTTO MAX,124,6,03/02/2012,7,15,20,23,32,33,35,0
LOTTO MAX,124,7,03/02/2012,6,19,22,25,31,37,44,0
LOTTO MAX,124,8,03/02/2012,3,12,16,26,29,36,42,0
LOTTO MAX,124,9,03/02/2012,5,10,20,26,34,40,46,0
LOTTO MAX,124,10,03/02/2012,7,10,13,23,39,43,49,0
LOTTO MAX,125,0,10/02/2012,1,5,25,35,38,44,47,39
LOTTO MAX,126,0,17/02/2012,1,15,26,28,31,39,49,18
LOTTO MAX,127,0,24/02/2012,6,17,23,24,25,31,38,7
LOTTO MAX,128,0,02/03/2012,4,13,14,15,34,46,47,49
LOTTO MAX,129,0,09/03/2012,7,18,19,29,39,47,48,32
LOTTO MAX,130,0,16/03/2012,5,7,18,24,28,41,49,26
LOTTO MAX,130,1,16/03/2012,1,2,5,9,16,29,31,0
LOTTO MAX,130,2,16/03/2012,9,11,18,31,38,43,46,0
LOTTO MAX,131,0,23/03/2012,6,18,21,23,24,32,48,47
LOTTO MAX,131,1,23/03/2012,15,18,19,20,34,43,48,0
LOTTO MAX,131,2,23/03/2012,17,21,25,26,29,38,45,0
LOTTO MAX,131,3,23/03/2012,15,20,23,31,35,44,46,0
LOTTO MAX,131,4,23/03/2012,5,12,17,24,39,48,49,0
LOTTO MAX,131,5,23/03/2012,3,7,30,31,34,45,49,0
LOTTO MAX,131,6,23/03/2012,1,5,11,25,34,43,46,0
LOTTO MAX,131,7,23/03/2012,19,20,21,30,32,39,42,0
LOTTO MAX,131,8,23/03/2012,6,25,32,36,40,45,46,0
LOTTO MAX,131,9,23/03/2012,2,12,14,18,20,26,27,0
LOTTO MAX,131,10,23/03/2012,1,3,21,23,25,32,37,0
LOTTO MAX,131,11,23/03/2012,3,7,11,15,18,32,33,0
LOTTO MAX,131,12,23/03/2012,12,16,20,27,32,36,43,0
LOTTO MAX,131,13,23/03/2012,15,16,20,35,36,45,49,0
LOTTO MAX,131,14,23/03/2012,2,3,8,15,26,43,48,0
LOTTO MAX,132,0,30/03/2012,3,11,12,19,35,45,47,13
LOTTO MAX,133,0,06/04/2012,15,18,19,25,32,42,49,43
LOTTO MAX,134,0,13/04/2012,2,6,11,12,16,39,45,3
LOTTO MAX,135,0,20/04/2012,14,15,16,19,30,36,46,42
LOTTO MAX,136,0,27/04/2012,3,23,28,40,42,43,45,17
LOTTO MAX,137,0,04/05/2012,3,5,6,25,37,43,45,21
LOTTO MAX,137,1,04/05/2012,6,7,18,32,39,43,44,0
LOTTO MAX,137,2,04/05/2012,3,4,22,27,33,41,49,0
LOTTO MAX,138,0,11/05/2012,1,6,7,24,31,36,39,26
LOTTO MAX,138,1,11/05/2012,1,3,6,7,13,14,48,0
LOTTO MAX,138,2,11/05/2012,5,8,11,15,18,29,37,0
LOTTO MAX,138,3,11/05/2012,5,26,33,36,41,46,48,0
LOTTO MAX,138,4,11/05/2012,2,5,27,32,35,36,48,0
LOTTO MAX,138,5,11/05/2012,5,8,24,26,29,34,36,0
LOTTO MAX,138,6,11/05/2012,6,8,12,16,18,23,27,0
LOTTO MAX,138,7,11/05/2012,5,13,17,23,40,41,49,0
LOTTO MAX,138,8,11/05/2012,2,6,11,17,20,24,38,0
LOTTO MAX,138,9,11/05/2012,9,19,21,22,23,43,49,0
LOTTO MAX,138,10,11/05/2012,7,10,15,25,26,34,38,0
LOTTO MAX,139,0,18/05/2012,3,4,13,15,21,29,48,26
LOTTO MAX,139,1,18/05/2012,4,8,13,27,28,34,47,0
LOTTO MAX,139,2,18/05/2012,3,6,8,9,18,20,45,0
LOTTO MAX,139,3,18/05/2012,4,13,18,20,25,38,47,0
LOTTO MAX,139,4,18/05/2012,4,6,8,11,25,40,46,0
LOTTO MAX,139,5,18/05/2012,1,14,15,28,29,36,47,0
LOTTO MAX,139,6,18/05/2012,6,11,12,13,28,34,46,0
LOTTO MAX,139,7,18/05/2012,12,19,20,24,26,39,42,0
LOTTO MAX,139,8,18/05/2012,6,7,10,28,33,38,42,0
LOTTO MAX,139,9,18/05/2012,3,10,13,19,21,23,28,0
LOTTO MAX,139,10,18/05/2012,5,9,24,26,31,37,49,0
LOTTO MAX,139,11,18/05/2012,19,22,28,30,39,43,48,0
LOTTO MAX,139,12,18/05/2012,7,9,10,20,27,38,39,0
LOTTO MAX,139,13,18/05/2012,3,7,11,21,25,31,32,0
LOTTO MAX,139,14,18/05/2012,4,5,21,32,41,42,45,0
LOTTO MAX,139,15,18/05/2012,2,13,15,18,24,34,35,0
LOTTO MAX,139,16,18/05/2012,3,17,20,25,36,44,48,0
LOTTO MAX,139,17,18/05/2012,9,15,16,17,30,35,43,0
LOTTO MAX,139,18,18/05/2012,3,5,11,19,24,46,47,0
LOTTO MAX,139,19,18/05/2012,7,19,20,30,31,35,46,0
LOTTO MAX,139,20,18/05/2012,12,22,26,31,35,40,48,0
LOTTO MAX,140,0,25/05/2012,1,2,3,6,12,20,41,10
LOTTO MAX,141,0,01/06/2012,4,7,13,24,26,27,43,41
LOTTO MAX,142,0,08/06/2012,9,10,16,24,26,44,48,27
LOTTO MAX,143,0,15/06/2012,8,11,20,28,36,43,47,18
LOTTO MAX,143,1,15/06/2012,2,12,13,19,27,30,31,0
LOTTO MAX,143,2,15/06/2012,5,6,9,16,25,27,39,0
LOTTO MAX,143,3,15/06/2012,4,11,14,22,37,39,44,0
LOTTO MAX,143,4,15/06/2012,14,17,21,31,32,33,43,0
LOTTO MAX,143,5,15/06/2012,5,20,21,25,26,30,33,0
LOTTO MAX,143,6,15/06/2012,8,10,12,13,25,27,31,0
LOTTO MAX,144,0,22/06/2012,1,12,20,22,30,34,38,33
LOTTO MAX,144,1,22/06/2012,6,8,12,13,16,28,37,0
LOTTO MAX,144,2,22/06/2012,4,13,23,24,37,42,45,0
LOTTO MAX,144,3,22/06/2012,4,6,7,34,35,41,46,0
LOTTO MAX,144,4,22/06/2012,3,6,19,27,29,31,34,0
LOTTO MAX,144,5,22/06/2012,2,9,12,19,22,26,39,0
LOTTO MAX,144,6,22/06/2012,2,3,4,14,22,26,36,0
LOTTO MAX,144,7,22/06/2012,3,10,18,24,30,41,48,0
LOTTO MAX,144,8,22/06/2012,1,2,18,31,32,39,45,0
LOTTO MAX,144,9,22/06/2012,4,10,17,19,22,31,37,0
LOTTO MAX,144,10,22/06/2012,2,3,20,23,27,34,49,0
LOTTO MAX,144,11,22/06/2012,6,11,15,25,34,37,44,0
LOTTO MAX,144,12,22/06/2012,1,14,15,17,23,31,40,0
LOTTO MAX,144,13,22/06/2012,3,6,19,20,26,30,40,0
LOTTO MAX,144,14,22/06/2012,5,26,30,42,44,45,48,0
LOTTO MAX,144,15,22/06/2012,3,4,14,15,19,20,44,0
LOTTO MAX,144,16,22/06/2012,2,4,5,9,16,35,37,0
LOTTO MAX,144,17,22/06/2012,14,27,29,35,41,42,49,0
LOTTO MAX,144,18,22/06/2012,14,23,24,25,34,41,43,0
LOTTO MAX,145,0,29/06/2012,10,14,20,28,35,40,42,44
LOTTO MAX,145,1,29/06/2012,6,17,25,32,34,38,42,0
LOTTO MAX,145,2,29/06/2012,7,8,10,27,30,37,41,0
LOTTO MAX,145,3,29/06/2012,2,18,26,30,33,40,48,0
LOTTO MAX,145,4,29/06/2012,13,22,28,32,40,46,49,0
LOTTO MAX,145,5,29/06/2012,3,25,28,31,39,44,49,0
LOTTO MAX,145,6,29/06/2012,4,8,11,20,30,39,40,0
LOTTO MAX,145,7,29/06/2012,3,9,21,22,23,29,43,0
LOTTO MAX,145,8,29/06/2012,1,8,9,22,33,35,36,0
LOTTO MAX,145,9,29/06/2012,5,12,13,14,27,30,33,0
LOTTO MAX,145,10,29/06/2012,11,20,31,33,37,47,48,0
LOTTO MAX,145,11,29/06/2012,6,14,18,20,25,37,43,0
LOTTO MAX,145,12,29/06/2012,3,4,19,26,28,35,41,0
LOTTO MAX,145,13,29/06/2012,1,8,15,23,24,32,46,0
LOTTO MAX,145,14,29/06/2012,3,11,13,24,29,40,41,0
LOTTO MAX,145,15,29/06/2012,2,10,24,25,31,38,49,0
LOTTO MAX,145,16,29/06/2012,2,3,5,10,12,30,35,0
LOTTO MAX,145,17,29/06/2012,1,2,8,35,42,43,44,0
LOTTO MAX,145,18,29/06/2012,15,22,23,27,34,36,48,0
LOTTO MAX,145,19,29/06/2012,2,14,17,18,24,36,43,0
LOTTO MAX,145,20,29/06/2012,1,2,11,16,25,28,41,0
LOTTO MAX,145,21,29/06/2012,3,10,21,26,30,35,49,0
LOTTO MAX,145,22,29/06/2012,3,4,10,14,23,24,49,0
LOTTO MAX,145,23,29/06/2012,2,6,7,14,21,36,38,0
LOTTO MAX,145,24,29/06/2012,6,8,14,22,39,45,49,0
LOTTO MAX,145,25,29/06/2012,4,16,18,23,39,44,49,0
LOTTO MAX,145,26,29/06/2012,11,28,29,34,35,39,44,0
LOTTO MAX,145,27,29/06/2012,5,8,12,20,33,42,45,0
LOTTO MAX,145,28,29/06/2012,3,4,14,17,33,38,44,0
LOTTO MAX,146,0,06/07/2012,14,26,31,34,37,45,48,38
LOTTO MAX,146,1,06/07/2012,11,12,14,16,20,33,48,0
LOTTO MAX,146,2,06/07/2012,7,17,22,32,34,40,47,0
LOTTO MAX,146,3,06/07/2012,2,11,15,17,40,43,49,0
LOTTO MAX,146,4,06/07/2012,1,5,19,20,23,24,32,0
LOTTO MAX,146,5,06/07/2012,2,3,5,15,21,27,35,0
LOTTO MAX,146,6,06/07/2012,1,6,9,14,35,38,45,0
LOTTO MAX,146,7,06/07/2012,8,9,15,19,20,30,46,0
LOTTO MAX,146,8,06/07/2012,7,8,10,28,46,47,48,0
LOTTO MAX,146,9,06/07/2012,8,10,18,19,34,36,40,0
LOTTO MAX,146,10,06/07/2012,7,9,11,16,22,45,46,0
LOTTO MAX,146,11,06/07/2012,4,15,28,38,42,45,47,0
LOTTO MAX,146,12,06/07/2012,5,6,7,9,13,37,44,0
LOTTO MAX,146,13,06/07/2012,5,11,19,26,28,30,39,0
LOTTO MAX,146,14,06/07/2012,12,13,22,25,32,38,41,0
LOTTO MAX,146,15,06/07/2012,12,15,16,31,44,46,48,0
LOTTO MAX,146,16,06/07/2012,6,9,22,23,35,41,48,0
LOTTO MAX,146,17,06/07/2012,5,9,11,18,35,40,49,0
LOTTO MAX,146,18,06/07/2012,20,33,40,45,47,48,49,0
LOTTO MAX,146,19,06/07/2012,8,13,27,31,36,39,48,0
LOTTO MAX,146,20,06/07/2012,9,21,22,36,38,45,46,0
LOTTO MAX,146,21,06/07/2012,6,20,22,26,29,39,43,0
LOTTO MAX,146,22,06/07/2012,7,16,18,20,36,42,43,0
LOTTO MAX,146,23,06/07/2012,2,7,16,25,27,46,49,0
LOTTO MAX,146,24,06/07/2012,1,3,22,26,29,31,37,0
LOTTO MAX,146,25,06/07/2012,3,10,11,22,26,37,39,0
LOTTO MAX,146,26,06/07/2012,13,31,33,36,38,39,42,0
LOTTO MAX,146,27,06/07/2012,4,10,13,16,27,37,40,0
LOTTO MAX,146,28,06/07/2012,11,25,34,39,41,44,48,0
LOTTO MAX,146,29,06/07/2012,3,10,17,20,21,25,34,0
LOTTO MAX,146,30,06/07/2012,8,11,13,17,30,31,48,0
LOTTO MAX,146,31,06/07/2012,1,5,7,14,18,21,34,0
LOTTO MAX,146,32,06/07/2012,4,11,12,20,26,36,38,0
LOTTO MAX,146,33,06/07/2012,3,5,6,11,30,40,46,0
LOTTO MAX,146,34,06/07/2012,2,20,31,36,43,44,47,0
LOTTO MAX,146,35,06/07/2012,6,10,16,19,22,25,43,0
LOTTO MAX,146,36,06/07/2012,4,16,29,32,34,42,46,0
LOTTO MAX,146,37,06/07/2012,17,25,29,32,33,35,49,0
LOTTO MAX,146,38,06/07/2012,3,14,15,17,22,27,30,0
LOTTO MAX,146,39,06/07/2012,9,16,20,23,33,42,49,0
LOTTO MAX,146,40,06/07/2012,7,8,21,26,41,48,49,0
LOTTO MAX,146,41,06/07/2012,4,5,11,13,17,23,36,0
LOTTO MAX,146,42,06/07/2012,12,14,17,18,27,28,46,0
LOTTO MAX,146,43,06/07/2012,12,19,28,34,37,40,49,0
LOTTO MAX,146,44,06/07/2012,10,11,15,23,30,31,49,0
LOTTO MAX,146,45,06/07/2012,2,3,17,18,23,34,42,0
LOTTO MAX,146,46,06/07/2012,6,33,34,35,37,41,48,0
LOTTO MAX,146,47,06/07/2012,8,12,19,20,30,32,44,0
LOTTO MAX,146,48,06/07/2012,5,8,14,18,21,27,42,0
LOTTO MAX,146,49,06/07/2012,2,6,11,13,31,33,44,0
LOTTO MAX,146,50,06/07/2012,6,12,19,28,29,30,47,0
LOTTO MAX,147,0,13/07/2012,3,13,14,23,33,36,45,7
LOTTO MAX,148,0,20/07/2012,4,7,29,35,39,43,44,46
LOTTO MAX,149,0,27/07/2012,2,20,25,26,46,47,48,44
LOTTO MAX,150,0,03/08/2012,1,2,18,26,27,39,42,33
LOTTO MAX,151,0,10/08/2012,2,15,18,19,22,27,49,40
LOTTO MAX,152,0,17/08/2012,18,19,22,27,29,36,47,25
LOTTO MAX,152,1,17/08/2012,3,7,15,25,33,39,47,0
LOTTO MAX,152,2,17/08/2012,7,10,15,16,21,23,36,0
LOTTO MAX,153,0,24/08/2012,2,3,5,22,23,32,33,8
LOTTO MAX,153,1,24/08/2012,15,17,28,30,35,37,47,0
LOTTO MAX,153,2,24/08/2012,2,8,10,26,35,37,44,0
LOTTO MAX,153,3,24/08/2012,7,16,17,29,32,33,46,0
LOTTO MAX,153,4,24/08/2012,1,9,24,29,34,46,47,0
LOTTO MAX,153,5,24/08/2012,3,4,14,28,29,40,41,0
LOTTO MAX,153,6,24/08/2012,1,14,21,30,41,42,46,0
LOTTO MAX,153,7,24/08/2012,2,9,14,21,29,31,44,0
LOTTO MAX,153,8,24/08/2012,24,30,31,33,40,41,48,0
LOTTO MAX,153,9,24/08/2012,1,11,14,16,25,32,34,0
LOTTO MAX,153,10,24/08/2012,5,16,18,29,45,48,49,0
LOTTO MAX,153,11,24/08/2012,5,23,28,29,39,40,47,0
LOTTO MAX,153,12,24/08/2012,7,10,12,23,40,48,49,0
LOTTO MAX,153,13,24/08/2012,8,9,38,42,44,48,49,0
LOTTO MAX,154,0,31/08/2012,5,12,13,28,33,37,43,44
LOTTO MAX,155,0,07/09/2012,11,14,18,20,37,41,46,8
LOTTO MAX,156,0,14/09/2012,2,27,30,31,37,46,47,21
LOTTO MAX,157,0,21/09/2012,7,8,10,11,19,34,45,44
LOTTO MAX,158,0,28/09/2012,5,6,32,33,39,42,47,9
LOTTO MAX,159,0,05/10/2012,1,12,23,27,30,31,37,33
LOTTO MAX,159,1,05/10/2012,18,19,23,30,36,42,43,0
LOTTO MAX,159,2,05/10/2012,11,22,29,38,39,40,46,0
LOTTO MAX,160,0,12/10/2012,5,7,12,15,35,45,47,40
LOTTO MAX,160,1,12/10/2012,5,9,20,31,32,39,43,0
LOTTO MAX,160,2,12/10/2012,8,16,28,31,40,43,44,0
LOTTO MAX,160,3,12/10/2012,4,7,10,16,31,36,40,0
LOTTO MAX,160,4,12/10/2012,7,8,21,25,32,40,49,0
LOTTO MAX,160,5,12/10/2012,12,15,28,33,37,44,48,0
LOTTO MAX,160,6,12/10/2012,18,23,30,40,41,44,45,0
LOTTO MAX,160,7,12/10/2012,9,13,15,16,17,44,46,0
LOTTO MAX,160,8,12/10/2012,12,16,32,34,38,39,46,0
LOTTO MAX,160,9,12/10/2012,17,31,34,37,39,43,44,0
LOTTO MAX,160,10,12/10/2012,22,23,25,27,44,45,47,0
LOTTO MAX,160,11,12/10/2012,2,5,6,11,27,35,38,0
LOTTO MAX,160,12,12/10/2012,6,9,24,28,39,42,48,0
LOTTO MAX,160,13,12/10/2012,9,14,16,21,32,39,44,0
LOTTO MAX,160,14,12/10/2012,3,16,17,21,25,33,41,0
LOTTO MAX,161,0,19/10/2012,1,2,3,15,22,37,41,6
LOTTO MAX,161,1,19/10/2012,7,16,17,26,30,31,49,0
LOTTO MAX,161,2,19/10/2012,3,13,16,33,35,37,40,0
LOTTO MAX,161,3,19/10/2012,3,13,24,26,31,32,48,0
LOTTO MAX,161,4,19/10/2012,11,12,15,17,21,24,25,0
LOTTO MAX,161,5,19/10/2012,3,17,22,27,30,37,48,0
LOTTO MAX,161,6,19/10/2012,17,20,35,36,39,40,44,0
LOTTO MAX,161,7,19/10/2012,3,4,6,19,32,45,47,0
LOTTO MAX,161,8,19/10/2012,16,20,24,30,33,37,48,0
LOTTO MAX,161,9,19/10/2012,7,9,13,20,26,34,41,0
LOTTO MAX,161,10,19/10/2012,18,23,38,39,43,44,46,0
LOTTO MAX,161,11,19/10/2012,2,18,19,24,37,43,46,0
LOTTO MAX,161,12,19/10/2012,17,20,22,28,34,40,47,0
LOTTO MAX,161,13,19/10/2012,10,17,19,26,28,29,30,0
LOTTO MAX,161,14,19/10/2012,8,10,15,18,29,40,42,0
LOTTO MAX,161,15,19/10/2012,12,14,15,16,28,29,35,0
LOTTO MAX,161,16,19/10/2012,15,22,24,26,37,42,49,0
LOTTO MAX,161,17,19/10/2012,7,21,22,33,34,37,47,0
LOTTO MAX,161,18,19/10/2012,5,10,15,19,22,32,33,0
LOTTO MAX,161,19,19/10/2012,2,14,18,21,35,36,47,0
LOTTO MAX,161,20,19/10/2012,2,14,15,17,24,31,44,0
LOTTO MAX,161,21,19/10/2012,6,8,17,20,25,40,49,0
LOTTO MAX,161,22,19/10/2012,1,2,4,6,8,17,37,0
LOTTO MAX,161,23,19/10/2012,3,6,9,17,30,37,48,0
LOTTO MAX,161,24,19/10/2012,10,14,26,36,38,46,49,0
LOTTO MAX,161,25,19/10/2012,1,10,15,16,17,44,46,0
LOTTO MAX,161,26,19/10/2012,23,24,36,38,42,45,46,0
LOTTO MAX,162,0,26/10/2012,3,4,20,25,30,35,48,23
LOTTO MAX,162,1,26/10/2012,2,8,22,35,41,47,48,0
LOTTO MAX,162,2,26/10/2012,7,22,24,25,32,42,44,0
LOTTO MAX,162,3,26/10/2012,2,11,12,20,31,36,47,0
LOTTO MAX,162,4,26/10/2012,12,13,17,18,24,35,43,0
LOTTO MAX,162,5,26/10/2012,6,9,10,13,14,24,48,0
LOTTO MAX,162,6,26/10/2012,3,11,13,14,30,39,48,0
LOTTO MAX,162,7,26/10/2012,15,18,22,24,32,38,49,0
LOTTO MAX,162,8,26/10/2012,1,4,14,21,32,48,49,0
LOTTO MAX,162,9,26/10/2012,6,21,22,26,42,43,46,0
LOTTO MAX,162,10,26/10/2012,9,17,23,39,40,41,46,0
LOTTO MAX,162,11,26/10/2012,12,16,17,20,23,36,43,0
LOTTO MAX,162,12,26/10/2012,10,21,36,37,44,46,47,0
LOTTO MAX,162,13,26/10/2012,1,19,20,32,33,45,46,0
LOTTO MAX,162,14,26/10/2012,3,12,23,24,37,42,44,0
LOTTO MAX,162,15,26/10/2012,7,8,27,33,38,39,49,0
LOTTO MAX,162,16,26/10/2012,16,17,19,23,24,39,43,0
LOTTO MAX,162,17,26/10/2012,15,24,25,30,37,44,49,0
LOTTO MAX,162,18,26/10/2012,11,13,16,17,18,23,45,0
LOTTO MAX,162,19,26/10/2012,6,9,17,19,38,44,45,0
LOTTO MAX,162,20,26/10/2012,3,7,8,14,17,28,37,0
LOTTO MAX,162,21,26/10/2012,4,19,26,33,34,45,47,0
LOTTO MAX,162,22,26/10/2012,7,8,12,16,39,44,47,0
LOTTO MAX,162,23,26/10/2012,1,15,31,37,41,42,46,0
LOTTO MAX,162,24,26/10/2012,4,18,21,22,35,43,45,0
LOTTO MAX,162,25,26/10/2012,4,10,13,20,39,41,45,0
LOTTO MAX,162,26,26/10/2012,21,29,32,35,36,44,49,0
LOTTO MAX,162,27,26/10/2012,8,12,17,21,27,36,41,0
LOTTO MAX,162,28,26/10/2012,11,26,32,38,39,42,49,0
LOTTO MAX,162,29,26/10/2012,3,12,35,38,39,41,47,0
LOTTO MAX,162,30,26/10/2012,1,22,23,28,34,41,46,0
LOTTO MAX,162,31,26/10/2012,7,8,10,24,26,38,49,0
LOTTO MAX,162,32,26/10/2012,6,10,28,31,37,38,39,0
LOTTO MAX,162,33,26/10/2012,4,10,12,28,32,34,41,0
LOTTO MAX,162,34,26/10/2012,5,6,8,23,37,47,48,0
LOTTO MAX,162,35,26/10/2012,11,14,18,27,36,45,47,0
LOTTO MAX,162,36,26/10/2012,3,4,23,28,30,33,34,0
LOTTO MAX,162,37,26/10/2012,7,8,11,16,30,32,47,0
LOTTO MAX,162,38,26/10/2012,11,23,27,28,29,34,49,0
LOTTO MAX,162,39,26/10/2012,4,5,11,25,32,46,47,0
LOTTO MAX,162,40,26/10/2012,10,12,15,17,21,24,29,0
LOTTO MAX,162,41,26/10/2012,1,5,7,21,24,29,49,0
LOTTO MAX,162,42,26/10/2012,12,15,17,39,42,44,48,0
LOTTO MAX,162,43,26/10/2012,5,20,29,31,37,42,47,0
LOTTO MAX,162,44,26/10/2012,5,6,7,23,28,38,41,0
LOTTO MAX,162,45,26/10/2012,4,9,13,19,26,35,47,0
LOTTO MAX,162,46,26/10/2012,3,14,22,35,36,38,48,0
LOTTO MAX,162,47,26/10/2012,3,18,23,33,40,46,49,0
LOTTO MAX,162,48,26/10/2012,9,11,25,29,42,45,49,0
LOTTO MAX,162,49,26/10/2012,1,9,13,23,35,37,49,0
LOTTO MAX,162,50,26/10/2012,1,9,17,19,21,28,37,0
LOTTO MAX,163,0,02/11/2012,1,2,5,26,29,36,47,13
LOTTO MAX,163,1,02/11/2012,5,7,8,9,17,40,42,0
LOTTO MAX,163,2,02/11/2012,4,11,21,22,35,36,45,0
LOTTO MAX,163,3,02/11/2012,23,27,32,34,35,41,42,0
LOTTO MAX,163,4,02/11/2012,5,7,8,10,20,46,49,0
LOTTO MAX,163,5,02/11/2012,1,8,15,17,22,25,38,0
LOTTO MAX,163,6,02/11/2012,8,11,14,26,33,34,36,0
LOTTO MAX,163,7,02/11/2012,1,11,16,22,23,30,40,0
LOTTO MAX,163,8,02/11/2012,5,16,29,34,37,38,47,0
LOTTO MAX,163,9,02/11/2012,1,20,22,32,35,42,44,0
LOTTO MAX,163,10,02/11/2012,3,11,21,23,26,36,38,0
LOTTO MAX,163,11,02/11/2012,1,3,14,31,39,43,47,0
LOTTO MAX,163,12,02/11/2012,4,25,27,29,38,40,49,0
LOTTO MAX,163,13,02/11/2012,6,7,11,12,17,29,45,0
LOTTO MAX,163,14,02/11/2012,5,11,17,23,24,35,39,0
LOTTO MAX,163,15,02/11/2012,4,6,37,42,44,45,48,0
LOTTO MAX,163,16,02/11/2012,8,13,20,23,37,38,45,0
LOTTO MAX,163,17,02/11/2012,6,14,24,26,28,36,47,0
LOTTO MAX,163,18,02/11/2012,5,13,16,18,21,43,44,0
LOTTO MAX,163,19,02/11/2012,3,18,21,24,29,37,47,0
LOTTO MAX,163,20,02/11/2012,6,14,15,21,27,30,46,0
LOTTO MAX,163,21,02/11/2012,4,7,12,13,19,24,39,0
LOTTO MAX,163,22,02/11/2012,2,14,15,31,33,45,48,0
LOTTO MAX,163,23,02/11/2012,13,18,21,23,27,44,46,0
LOTTO MAX,163,24,02/11/2012,6,13,15,36,39,41,49,0
LOTTO MAX,163,25,02/11/2012,15,27,37,40,41,42,44,0
LOTTO MAX,163,26,02/11/2012,1,8,10,17,19,25,48,0
LOTTO MAX,163,27,02/11/2012,1,8,18,29,30,31,47,0
LOTTO MAX,163,28,02/11/2012,9,24,34,39,43,44,45,0
LOTTO MAX,163,29,02/11/2012,14,20,24,25,35,44,49,0
LOTTO MAX,163,30,02/11/2012,9,12,21,26,31,38,47,0
LOTTO MAX,163,31,02/11/2012,3,12,15,17,33,42,49,0
LOTTO MAX,163,32,02/11/2012,4,6,24,31,40,41,49,0
LOTTO MAX,163,33,02/11/2012,8,10,31,35,40,46,48,0
LOTTO MAX,163,34,02/11/2012,14,15,28,33,39,47,49,0
LOTTO MAX,163,35,02/11/2012,4,6,9,10,32,42,45,0
LOTTO MAX,163,36,02/11/2012,10,11,12,14,19,23,41,0
LOTTO MAX,163,37,02/11/2012,4,12,13,25,35,40,45,0
LOTTO MAX,163,38,02/11/2012,9,11,14,15,28,35,47,0
LOTTO MAX,163,39,02/11/2012,1,4,8,13,30,34,46,0
LOTTO MAX,163,40,02/11/2012,2,10,11,15,20,21,22,0
LOTTO MAX,163,41,02/11/2012,4,6,25,35,39,44,46,0
LOTTO MAX,163,42,02/11/2012,5,17,27,30,33,38,42,0
LOTTO MAX,163,43,02/11/2012,1,3,18,21,30,41,47,0
LOTTO MAX,163,44,02/11/2012,4,7,15,18,27,30,34,0
LOTTO MAX,163,45,02/11/2012,8,12,24,33,38,44,45,0
LOTTO MAX,163,46,02/11/2012,3,29,30,32,41,43,45,0
LOTTO MAX,163,47,02/11/2012,1,14,17,21,27,43,45,0
LOTTO MAX,163,48,02/11/2012,6,17,22,30,33,40,46,0
LOTTO MAX,163,49,02/11/2012,2,10,17,33,34,39,49,0
LOTTO MAX,163,50,02/11/2012,1,4,6,7,8,16,35,0
LOTTO MAX,164,0,09/11/2012,8,9,11,22,24,42,46,13
LOTTO MAX,165,0,16/11/2012,1,5,9,19,27,35,48,30
LOTTO MAX,166,0,23/11/2012,6,8,10,17,28,29,38,34
LOTTO MAX,166,1,23/11/2012,3,5,7,13,39,47,48,0
LOTTO MAX,166,2,23/11/2012,6,13,20,35,42,43,49,0
LOTTO MAX,167,0,30/11/2012,3,10,13,23,31,41,45,33
LOTTO MAX,167,1,30/11/2012,3,12,17,22,36,44,45,0
LOTTO MAX,167,2,30/11/2012,12,17,18,32,42,46,47,0
LOTTO MAX,167,3,30/11/2012,4,10,15,16,30,39,42,0
LOTTO MAX,167,4,30/11/2012,4,6,11,14,27,37,39,0
LOTTO MAX,167,5,30/11/2012,3,14,16,25,29,30,37,0
LOTTO MAX,167,6,30/11/2012,11,19,30,35,40,41,48,0
LOTTO MAX,167,7,30/11/2012,2,4,9,16,29,31,39,0
LOTTO MAX,167,8,30/11/2012,10,27,28,29,30,42,44,0
LOTTO MAX,167,9,30/11/2012,9,14,15,32,34,35,44,0
LOTTO MAX,167,10,30/11/2012,7,19,32,37,38,47,49,0
LOTTO MAX,167,11,30/11/2012,2,6,18,20,22,35,41,0
LOTTO MAX,167,12,30/11/2012,15,20,22,25,37,45,46,0
LOTTO MAX,167,13,30/11/2012,1,9,15,22,37,39,49,0
LOTTO MAX,167,14,30/11/2012,1,3,26,28,36,44,49,0
LOTTO MAX,167,15,30/11/2012,1,3,11,14,16,31,45,0
LOTTO MAX,168,0,07/12/2012,5,11,22,29,38,42,49,33
LOTTO MAX,169,0,14/12/2012,3,6,10,33,39,48,49,18
LOTTO MAX,170,0,21/12/2012,7,8,17,18,20,40,41,33
LOTTO MAX,170,1,21/12/2012,2,10,15,17,34,40,47,0
LOTTO MAX,170,2,21/12/2012,3,10,21,27,30,33,44,0
